{
  "ham": 0.5669700910273082,
  "spam": 4.233009708737864
}