{
  "ham": 0.5773716951788491,
  "spam": 3.7311557788944723
}