{
  "ham": 0.577481212749417,
  "spam": 3.7265886287625416
}