{
  "ham": 0.568490245971162,
  "spam": 4.15015479876161
}